category_key,category_name_pt,category_name_en,has_translation
agro_industria_e_comercio,agro_industria_e_comercio,agro_industry_and_commerce,true
alimentos,alimentos,food,true
alimentos_bebidas,alimentos_bebidas,food_drink,true
artes,artes,art,true
artes_e_artesanato,artes_e_artesanato,arts_and_craftmanship,true
artigos_de_festas,artigos_de_festas,party_supplies,true
artigos_de_natal,artigos_de_natal,christmas_supplies,true
audio,audio,audio,true
automotivo,automotivo,auto,true
bebes,bebes,baby,true
bebidas,bebidas,drinks,true
beleza_saude,beleza_saude,health_beauty,true
brinquedos,brinquedos,toys,true
cama_mesa_banho,cama_mesa_banho,bed_bath_table,true
casa_conforto,casa_conforto,home_confort,true
casa_conforto_2,casa_conforto_2,home_comfort_2,true
casa_construcao,casa_construcao,home_construction,true
cds_dvds_musicais,cds_dvds_musicais,cds_dvds_musicals,true
cine_foto,cine_foto,cine_photo,true
climatizacao,climatizacao,air_conditioning,true
consoles_games,consoles_games,consoles_games,true
construcao_ferramentas_construcao,construcao_ferramentas_construcao,construction_tools_construction,true
construcao_ferramentas_ferramentas,construcao_ferramentas_ferramentas,costruction_tools_tools,true
construcao_ferramentas_iluminacao,construcao_ferramentas_iluminacao,construction_tools_lights,true
construcao_ferramentas_jardim,construcao_ferramentas_jardim,costruction_tools_garden,true
construcao_ferramentas_seguranca,construcao_ferramentas_seguranca,construction_tools_safety,true
cool_stuff,cool_stuff,cool_stuff,true
dvds_blu_ray,dvds_blu_ray,dvds_blu_ray,true
eletrodomesticos,eletrodomesticos,home_appliances,true
eletrodomesticos_2,eletrodomesticos_2,home_appliances_2,true
eletronicos,eletronicos,electronics,true
eletroportateis,eletroportateis,small_appliances,true
esporte_lazer,esporte_lazer,sports_leisure,true
fashion_bolsas_e_acessorios,fashion_bolsas_e_acessorios,fashion_bags_accessories,true
fashion_calcados,fashion_calcados,fashion_shoes,true
fashion_esporte,fashion_esporte,fashion_sport,true
fashion_roupa_feminina,fashion_roupa_feminina,fashio_female_clothing,true
fashion_roupa_infanto_juvenil,fashion_roupa_infanto_juvenil,fashion_childrens_clothes,true
fashion_roupa_masculina,fashion_roupa_masculina,fashion_male_clothing,true
fashion_underwear_e_moda_praia,fashion_underwear_e_moda_praia,fashion_underwear_beach,true
ferramentas_jardim,ferramentas_jardim,garden_tools,true
flores,flores,flowers,true
fraldas_higiene,fraldas_higiene,diapers_and_hygiene,true
industria_comercio_e_negocios,industria_comercio_e_negocios,industry_commerce_and_business,true
informatica_acessorios,informatica_acessorios,computers_accessories,true
instrumentos_musicais,instrumentos_musicais,musical_instruments,true
la_cuisine,la_cuisine,la_cuisine,true
livros_importados,livros_importados,books_imported,true
livros_interesse_geral,livros_interesse_geral,books_general_interest,true
livros_tecnicos,livros_tecnicos,books_technical,true
malas_acessorios,malas_acessorios,luggage_accessories,true
market_place,market_place,market_place,true
moveis_colchao_e_estofado,moveis_colchao_e_estofado,furniture_mattress_and_upholstery,true
moveis_cozinha_area_de_servico_jantar_e_jardim,moveis_cozinha_area_de_servico_jantar_e_jardim,kitchen_dining_laundry_garden_furniture,true
moveis_decoracao,moveis_decoracao,furniture_decor,true
moveis_escritorio,moveis_escritorio,office_furniture,true
moveis_quarto,moveis_quarto,furniture_bedroom,true
moveis_sala,moveis_sala,furniture_living_room,true
musica,musica,music,true
papelaria,papelaria,stationery,true
pc_gamer,pc_gamer,pc_gamer,false
pcs,pcs,computers,true
perfumaria,perfumaria,perfumery,true
pet_shop,pet_shop,pet_shop,true
portateis_casa_forno_e_cafe,portateis_casa_forno_e_cafe,small_appliances_home_oven_and_coffee,true
portateis_cozinha_e_preparadores_de_alimentos,portateis_cozinha_e_preparadores_de_alimentos,portateis_cozinha_e_preparadores_de_alimentos,false
relogios_presentes,relogios_presentes,watches_gifts,true
seguros_e_servicos,seguros_e_servicos,security_and_services,true
sinalizacao_e_seguranca,sinalizacao_e_seguranca,signaling_and_security,true
tablets_impressao_imagem,tablets_impressao_imagem,tablets_printing_image,true
telefonia,telefonia,telephony,true
telefonia_fixa,telefonia_fixa,fixed_telephony,true
unknown,,unknown,true
utilidades_domesticas,utilidades_domesticas,housewares,true
