month,series,row_type,orders,used_in_model,month_start
2016-09,actual,actual,4,False,2016-09-01
2016-10,actual,actual,324,False,2016-10-01
2016-11,actual,actual,0,False,2016-11-01
2016-12,actual,actual,1,False,2016-12-01
2017-01,actual,actual,800,True,2017-01-01
2017-02,actual,actual,1780,True,2017-02-01
2017-03,actual,actual,2682,True,2017-03-01
2017-04,actual,actual,2404,True,2017-04-01
2017-05,actual,actual,3700,True,2017-05-01
2017-06,actual,actual,3245,True,2017-06-01
2017-07,actual,actual,4026,True,2017-07-01
2017-08,actual,actual,4331,True,2017-08-01
2017-09,actual,actual,4285,True,2017-09-01
2017-10,actual,actual,4631,True,2017-10-01
2017-11,actual,actual,7544,True,2017-11-01
2017-12,actual,actual,5673,True,2017-12-01
2018-01,actual,actual,7269,True,2018-01-01
2018-02,actual,actual,6728,True,2018-02-01
2018-03,actual,actual,7211,True,2018-03-01
2018-04,actual,actual,6939,True,2018-04-01
2018-05,actual,actual,6873,True,2018-05-01
2018-06,actual,actual,6167,True,2018-06-01
2018-07,actual,actual,6292,True,2018-07-01
2018-08,actual,actual,6512,True,2018-08-01
2018-09,actual,actual,16,False,2018-09-01
2018-10,actual,actual,4,False,2018-10-01
2018-06,naive_last_value,holdout,6873,True,2018-06-01
2018-07,naive_last_value,holdout,6873,True,2018-07-01
2018-08,naive_last_value,holdout,6873,True,2018-08-01
2018-06,seasonal_naive_12m,holdout,3245,True,2018-06-01
2018-07,seasonal_naive_12m,holdout,4026,True,2018-07-01
2018-08,seasonal_naive_12m,holdout,4331,True,2018-08-01
2018-06,moving_average_3m,holdout,7008,True,2018-06-01
2018-07,moving_average_3m,holdout,7008,True,2018-07-01
2018-08,moving_average_3m,holdout,7008,True,2018-08-01
2018-06,holt_damped_trend,holdout,7868,True,2018-06-01
2018-07,holt_damped_trend,holdout,8151,True,2018-07-01
2018-08,holt_damped_trend,holdout,8427,True,2018-08-01
2018-09,naive_last_value,forecast,6512,False,2018-09-01
2018-10,naive_last_value,forecast,6512,False,2018-10-01
2018-11,naive_last_value,forecast,6512,False,2018-11-01
