source,table_name,check_name,severity,exceptions,distinct_records
data_quality,orders,carrier_before_purchase,high,166,166
reconciliation,reconciliation,recon_missing_items,high,8,8
reconciliation,reconciliation,recon_unexplained,high,5,5
reconciliation,reconciliation,recon_missing_payment,high,1,1
data_quality,order_reviews,duplicate_key,medium,814,789
reconciliation,reconciliation,recon_missing_items,medium,767,767
data_quality,orders,delivered_before_carrier,medium,23,23
reconciliation,reconciliation,recon_untracked_discount,medium,15,15
data_quality,products,orphan_foreign_key,medium,13,13
data_quality,orders,delivered_without_date,medium,8,8
reconciliation,reconciliation,recon_voucher_related,medium,7,7
data_quality,orders,delivery_date_on_undelivered_order,medium,6,6
data_quality,order_payments,allowed_values,medium,3,3
data_quality,order_payments,invalid_installments,medium,2,2
data_quality,orders,carrier_before_approval,low,1359,1359
reconciliation,reconciliation,recon_installment_interest,low,232,232
data_quality,order_payments,payment_sequence_gap,low,80,80
reconciliation,reconciliation,recon_rounding,low,44,44
data_quality,order_payments,zero_value_payment,low,9,9
