order_id,main_payment_type,product_value,gap,discount_pct_of_price,gap_category
6fa0c125ee7d870f6602c97e33d87bc5,debit_card,31.99,-1.6,5.0,untracked_discount
6e57e23ecac1ae881286657694444267,debit_card,330.0,-16.5,5.0,untracked_discount
4387477eec4b3c89b39f3f454940d059,debit_card,198.0,-9.9,5.0,untracked_discount
ed4116f3f55e67e9a26b9f1891ba2497,debit_card,78.0,-3.9,5.0,untracked_discount
6dcf0aeb8b1eb4021c26e1d0e9394979,debit_card,299.0,-14.95,5.0,untracked_discount
e73fe43cdcd166f7f0c6e3c2bf11a917,debit_card,49.9,-2.5,5.01,untracked_discount
320dcf288de15e4ff06ebbfce4e42c78,credit_card,61.8,-6.18,10.0,untracked_discount
051fcda88d997d3ff86012da2a556342,credit_card,49.0,-4.9,10.0,untracked_discount
6cff0c3dacf64bb7cb2ad584b81b7d0d,debit_card,25.99,-2.6,10.0,untracked_discount
c6f6cbb3c845593222d5c594bb69c5fd,credit_card,89.9,-8.99,10.0,untracked_discount
fd33085945f15975375cd8ec85440511,credit_card,217.99,-21.8,10.0,untracked_discount
8092da256aefda13b330290d2ca86521,credit_card,103.9,-10.39,10.0,untracked_discount
4154bf1348caac78152fe76e3e9c4af8,credit_card,149.9,-14.99,10.0,untracked_discount
c8bedae351d76a3163c9840172c1285f,credit_card,29.9,-2.99,10.0,untracked_discount
882634702ad671a4a28319adef8f058b,credit_card,9.99,-1.0,10.01,untracked_discount
0e556f5eafbf3eb399290101b183b10e,credit_card,49.8,-13.76,27.63,unexplained
262118ce178bb3e4590a3adcf6d62e6b,credit_card,119.8,-51.62,43.09,unexplained
aa6bd33ba1853d846d3085a88ae37083,credit_card,19.9,-10.0,50.25,unexplained
